Digit,euler,Hu1,Hu2,Hu3,Hu4,Hu5,Hu6,Hu7
0,-314,5.384709490352295,1.4899930427038302,5.909981614229322,0.7596827190131382,-0.554882022115671,0.881351062040345,-1.511025536067131
0,-310,6.474037092146418,5.44286737099607,0.5300575400281474,0.013285165741848192,0.0008794619828134051,0.03099392298163345,0.0006851361836504742
0,-630,3.1071182331579195,1.4358438187886982,0.45029701485182266,0.047508008098976144,0.0021033008634449984,0.05675636559897272,0.006622666626841124
0,-270,5.802749864002245,1.4817678966006549,0.525296741848909,0.012451401281377488,-0.000709702198282433,0.0027682415360624772,0.0007144038440661883
0,-270,5.633964891234557,3.97898160222487,0.28050061818725214,0.020723381573330747,0.0011832084420713733,0.04118019972761885,0.0010471038714828307
0,-346,5.990987700702937,2.0776964107870084,13.656894404311847,1.282135195986541,2.6920534710075974,1.8444346030758685,-4.6407972046481705
0,-328,5.253954198700938,2.6991849482033654,2.6702304633901663,0.3595816767916924,-0.06007661942056394,0.5855320447244755,0.3471876720562546
0,-336,5.293569491246815,2.908050892972853,2.239924221256204,2.5335978364250926,4.798769947521193,4.090422663725532,-3.660701126138454
0,-298,5.94795277929974,0.3497189580584271,2.8855424120211848,0.05316839486099583,0.0013638949344704325,0.02807885933032255,-0.020780723762798943
0,-294,5.226458350865483,0.8547050038834408,0.9475542220202653,0.43056318949057465,-0.24935661766843076,0.3432325415580391,-0.11599515384961735
0,-306,6.498766110817334,3.8464559655935147,0.30074030731489065,0.002135405548942979,5.346334775959523e-05,-0.0034942614533984085,-8.371752303435712e-06
0,-244,5.161373682399113,1.9989941701237963,0.8100109597060404,0.0365300195792372,0.0011332070354161978,0.05150452015596045,0.006180745236760874
0,-352,6.607847574794479,1.8681797333053458,5.12616994893186,0.739529046125759,0.9585684841156347,0.9985253828139159,-1.0744440634661971
0,-288,6.058980609932688,2.452892749224773,1.2188591567574618,0.03515290731207394,-0.007169946647221722,0.037632682631324466,-0.0012403091929683533
0,-280,6.1533918544420425,0.9036154580806552,0.15489463365174627,0.018867327236171707,0.00012124579067346181,0.017873629763258323,-0.0010127293929079637
0,-288,6.033980802746502,5.008924717862405,2.1557829475397177,0.0013167423307020513,5.6298152077929536e-05,0.0029159113360864076,4.1858459877782066e-05
0,-286,6.0645476318699805,4.0096913236825955,0.32321186614809433,0.0051031155933075134,1.0879655675663498e-05,0.010078473067596521,-0.00020696529736958412
0,-272,5.840796873435636,1.634065915182953,0.5768969596227491,0.014611321865247162,0.0007349433052892574,0.016344224590778226,0.001122238909289554
0,-294,6.442938379984181,1.5489233197620127,1.0593997912568305,0.09741237122259563,0.019763562144798838,0.0631442448851636,0.024262545445030224
0,-296,5.730245073057125,3.3405598788922624,0.07297549564630497,0.6804095738131932,0.1505875067479279,1.2406593685137293,-0.017627270125850303
0,-270,5.599603446978714,1.6197804776982145,2.30787101795994,0.03346547234786426,-0.009145353698990989,-0.015749387180152355,-0.001691087755288155
0,-288,6.193084564000625,1.9238721939254626,0.16736781162551592,0.00753715118704033,-0.00024088146619742992,-0.006250323909022985,0.00011678567427403712
0,-400,6.229967447198105,3.5220189461898537,17.718511828020564,1.6483172397424783,4.915870416834699,3.0116320825304186,-7.428641465418564
0,-298,6.048009751899452,1.4906796832761107,0.9193541820460507,0.019558839170765577,-0.0007887906488715605,0.011873914800482374,0.0025013196137786643
0,-356,7.064485743144715,1.894381150769829,4.171920139921774,0.7857072966740868,0.9414079008542325,0.8957709328678973,-1.0664528549908585
0,-310,6.214789437294495,7.3395245790973265,1.4289048779619433,0.11641380794456,0.04340315687698349,0.25850932985342884,0.019248179525103163
0,-322,6.593614540746179,3.5201916731660403,2.4030944238894234,0.011316460727878066,-0.001295453065832353,-0.01053224619186176,0.0013432773920377318
0,-316,6.137630668658883,5.983708943671539,1.9158074539617347,0.22644625633950144,0.14915005501133866,0.45284187250569174,-0.00015326323669675318
0,-306,6.110502281082486,5.1438696484310515,3.3964084276766155,0.5245441241658859,0.053191126456688914,1.1652413045214045,0.6981134898062241
0,-632,3.1424096828454973,1.9415537886921383,0.6755642194242173,0.07969853523307015,0.010862307908357752,0.10132361930186454,0.014966750302545276
0,-296,5.983903387431724,0.5817781455251047,3.4627931349439933,0.11880208838381895,-0.0748618647172303,0.010176528444747777,-0.014212384591069384
0,-310,6.07037811426091,1.046064875419001,0.912623033621307,0.016127457946459332,-0.00024337723951773076,-0.00017328284930974886,-0.00194137054091257
0,-303,6.582413850522957,0.09430648863529098,5.474120167664655,0.35309847734487154,0.37815022998800013,-0.023426665708645274,-0.3130399002759518
0,-292,6.224001351901296,2.857849434310967,0.7116019650515145,0.02951720141486828,-0.004157495993142081,0.030526076347039254,0.001007826992060919
0,-278,5.909097082166539,2.56267890997684,0.19661147395242695,0.0089749170732139,0.00010706244007167065,0.01359482917823871,0.000361486318603257
0,-360,6.103750582160599,2.1732837982409383,1.2868338184782768,4.621579337535397,-9.276027031222469,6.788607172025384,6.401690319578319
0,-318,6.88579929317005,1.3436190063283908,1.726071958886385,0.0699418620189101,-0.024301599940014133,0.02785059838529441,-3.157700618235115e-05
0,-294,6.273808979056538,0.5558156499667086,1.047548549063651,0.10358622809038064,-0.005226458273656306,-0.07575218634726469,-0.03371980436199787
0,-274,5.943467127567574,2.261828668558396,2.263512338955011,0.04051829329401887,0.012041289942575029,-0.026292228103191335,-0.002361480500160181
0,-282,5.7201480441152635,0.685032336576331,3.7289401855994475,0.11641129918803503,-0.0628700054923187,0.09384938499504508,0.043931569743056634
0,-274,5.974373674539354,0.7162404801343489,0.8391607336595874,0.07126743638033817,-0.006411610261499798,0.02693378887008334,0.016206259493683806
0,-302,6.252897212526193,5.281473634252434,0.10734585701925874,0.02331442414119872,0.0011174167474418035,0.05346353905543028,0.0003343008849652592
0,-298,5.389815092656099,1.5417000429043406,4.482214795303058,0.6298674198691319,0.7103676449785623,0.5542883169533379,-0.78449649086816
0,-308,5.538263306403216,2.0549659570102268,4.154805594087307,0.8308009558236122,0.9005592625974439,1.100316195054746,-1.253611214301764
0,-286,5.757819880733013,1.3548625613440997,1.0578154050350526,0.41376614843611265,0.07161923303941124,0.47960872253742,-0.2642044056434325
0,-426,8.25484756468433,3.0794935627416438,14.100837425341181,2.212015327451815,10.241056995795528,3.73870750087939,-6.909413635439284
0,-306,6.44621326680986,5.04326658931531,0.49269717542975305,0.007284191031631183,-0.00023716289554577162,0.0055296342163173706,0.00036630424504743625
0,-288,5.9362603365939135,1.5583434999078325,4.453458779377957,0.12378605167597662,0.08979247019180531,0.15195700683774124,0.019608882078865693
0,-268,5.137177741360691,1.465645992143439,1.6611985321933984,0.10457738486191144,-0.006423627122692272,0.1080912833589481,0.043112122115852906
0,-300,5.63552163649714,0.36070024426538994,1.8675787038520457,0.5347944196202006,0.05472783425788616,0.32105956190887575,-0.531656224002196
0,-293,23.795066686293055,566.1759380176529,0.48811164532937834,0.12552263052625146,0.022079379421411312,0.8167372497980308,0.021859826995694838
1,-356,2.928389120263402,0.6695572355255514,27.44539755214153,1.3356776931508465,-3.624095374069941,-0.5790606096127163,-7.229484789925055
1,-286,2.5331369141914424,1.0357078497252181,15.607830110205027,0.8349768767485192,-0.08091202208529569,0.058766812122431344,-3.0131893034195496
1,-256,3.1086022027858755,6.891952533188541,6.780846804627663,1.814521280529489,6.341473271121222,4.750226866530247,0.544474492315533
1,-258,2.630589210208165,4.187924462653784,4.188682465491106,0.6424947223487302,1.0478412234228027,1.3040559963972245,-0.11383027777908662
1,-282,2.522226738049592,2.456026793126993,8.810611916999651,1.0070320810638884,2.9839429444615075,1.5774234613934983,-0.3063941175385484
1,-294,2.884238719999999,3.185507233541733,16.257901014156023,2.168292733701724,10.141797793089388,3.147525556052042,-7.9297199531906655
1,-192,3.68477744216807,12.818277572013898,0.47941564852229207,0.05447980413125182,-0.007071071571334759,-0.1800531312446536,0.00524603173688566
1,-190,2.8019245605468748,6.322031587691842,1.5767264295876884,0.5079575204380744,0.45299136219252334,1.275752341106747,-0.03808294997324982
1,-310,3.384232084203739,6.875006805993027,15.80911234529946,3.053107597501267,20.88875888405032,7.902924248346381,-3.684863024201099
1,-288,2.5610863808810413,1.360459957445885,14.687917022424562,1.0447815185561327,3.723029980170445,1.1243224195572943,-1.6999677263005395
1,-180,3.411903967166362,10.924023267665804,0.022566163859551475,0.002950747824230788,-9.626895415440207e-06,-0.006473518167886501,2.2070129021282065e-05
1,-356,3.398196611816385,5.209467209788431,21.569871940084806,2.939401779851886,23.243778417029468,6.699366599956909,2.7440460398787003
1,-324,3.1242757482635843,4.444567337629141,14.380085683821747,1.4909216673580896,3.994725865623169,2.0787046906189723,5.630193891232734
1,-332,3.271200060006522,4.672882738081646,23.09345385714301,3.6621112803900093,27.715716111188875,6.548002025937709,-19.131728696985963
1,-322,3.1045761994039953,2.9618712784483847,27.047787229294993,3.382401289578547,31.898440083323845,5.75811588700943,-5.399366101997588
1,-172,3.2510051299686986,9.719896966419558,0.015359332078188343,0.0016640454777009425,-5.928320844385196e-06,-0.0047701488880508,5.9689245776308645e-06
1,-224,3.3509497531772525,10.019006188013101,0.9987148328885322,0.50694808521253,0.36063938849804406,1.5871878133980568,0.007457087801637702
1,-336,3.1058826689566694,3.344359201192745,21.493020979601816,2.5741755069986523,18.97157931935654,4.6467794683135955,2.5875872726570908
1,-192,2.667059786924341,5.665454304500001,1.4308864840701698,0.5239734455763282,0.45200374164848434,1.1973726027643825,0.039168280155802954
1,-172,3.2723574233829007,9.89726323512675,0.028810801530515098,0.0029016569412692777,-2.650027389540351e-05,-0.008804395439773198,1.267767775758472e-06
1,-198,3.8891619330720064,14.77186528575438,0.002705942166638883,0.00025228787767553356,2.6187727822989644e-08,-0.0007034626639030398,-2.0679939978833363e-07
1,-354,3.131252948157213,0.8533340123526353,34.02127148889341,1.5448921952013321,8.161133945557948,1.0051751443041983,7.670625900656643
1,-210,3.2728394956252798,9.06991250021903,2.0406037067035454,0.7698290237403742,0.8692572647295148,1.8367498310342596,-0.41877714643183156
1,-340,3.0492302587686773,3.4735637644508333,17.702459308931992,1.5467822567237977,8.054024487197273,2.8766598911952297,-0.8029530049592799
1,-336,3.3956568120825295,5.836734287477883,21.27484831422044,3.502186975226347,30.19642045002267,8.431414134712295,1.4304790043819926
1,-230,3.878720814578803,13.712685501332972,0.5958310487513495,0.17131388726550065,0.04798348441935518,0.43786303335484256,0.026330640094570302
1,-320,3.1747525847845868,4.0340340014176,21.502492129882306,3.1202237881380808,25.55506885089708,6.2377299594344935,0.37179735921818824
1,-252,3.8393855955080434,12.94058856954787,2.360334837939406,0.6014519352659072,0.6172182412441717,1.4366241922974217,0.36412106380186743
1,-330,3.085583542725679,2.811026098797202,22.751118579707985,1.621808134171795,8.276604533907747,2.324580152935882,5.343133641282427
1,-214,3.779016595863811,13.439100119728728,0.18557557098867417,0.03846465044119401,0.0015665658356068043,0.0022560180089250415,0.002847261672599471
1,-392,3.3249685773134416,2.393463233307372,31.386404321919972,1.7411563891826456,0.10576496672502245,0.3690452224925842,-12.871014857199231
1,-184,3.3982732603303187,10.474516171259594,0.0018159385353560802,0.000165268137099507,-8.751081861791538e-08,0.0005307433186214429,2.3218815905381674e-08
1,-224,3.1950627955000077,8.364304953264554,1.536433921438102,0.5283781398207591,0.4725317381409427,1.528115356345749,-0.057964995120492135
1,-400,3.534792769183798,1.970784036544846,45.50361143059901,2.184937503466527,7.0540546901134125,1.0664014469541516,20.61258765281534
1,-174,3.281485012252022,9.810485960848832,0.022279613055498405,0.0020196297517855928,-9.654014832173178e-06,-0.0061421712163139955,9.504562036927844e-06
1,-172,3.314597587065068,10.174367045388916,0.015144602587739394,0.0016647874340406498,-7.451130146543762e-06,-0.004834893623884856,3.78915018583424e-06
1,-174,3.204038518518519,9.425779391007955,0.004782812870293819,0.0004624298529614644,-4.874395461594698e-07,-0.0009371207235005912,4.851380719034047e-07
1,-190,3.4281511357610475,10.698300899266021,0.7408375321223273,0.0859957095541408,-0.016589320567224012,-0.25451261973878314,0.013997788357178732
1,-230,3.44696442630121,9.996323713069824,1.7745938663361605,0.5960607493545418,0.607859645758861,1.7930887220936509,0.07948943179097151
1,-394,3.214753144502482,3.001405189572995,27.90579598459355,3.312538087989674,31.839714201805595,5.722188541946242,-0.7466114604826517
1,-332,3.021419021190267,0.986204039809692,29.99583544719177,1.488609643759729,7.327225541495601,1.2291619053859584,-6.727477366823424
1,-178,3.301729842040494,9.98793848028035,0.034446086254999606,0.003965520003524389,-3.538728029106918e-05,-0.010081909381902924,-2.992942164858103e-05
1,-192,3.63236820679829,12.122887272655541,0.008772104236005053,0.0010381966706895043,-1.609405224112625e-06,-0.00222390675532018,-2.688121754833232e-06
1,-186,3.4399482421875,10.804073094719886,0.01221450487523248,0.0004234486844936198,3.048856293677752e-07,0.0007224062811450207,9.134924964654727e-07
1,-170,3.1705979285530965,9.150222899601602,0.12667864777762844,0.01386674829969831,-0.0005074538060814965,-0.038338586896132634,0.00028331164823694455
1,-312,3.6945682512435125,8.536462225673153,23.112596450946786,5.9400656474835145,69.363324109664,17.258156594142587,-5.7387967613186746
1,-308,3.2056095663362854,4.092196409234468,23.50058890998285,3.282068472516908,27.13766533769177,6.362668091793177,-9.715722860209022
1,-170,2.409403547543598,4.429435185349922,1.0450891621328322,0.32559105848837805,0.18970772606188355,0.6839887531642392,-0.009111681459476759
1,-208,3.889356365861844,14.213090988482637,0.01927698888419344,0.003493629528993249,1.1913260607546633e-05,0.001258264103808746,-2.6078157543464965e-05
1,-328,3.6087708219093315,6.643183525563745,26.36045990378448,4.655060121301754,51.52229795656753,11.988709733022798,-2.125388782469327
2,-386,2.5386070894484094,1.1991829662555096,4.0362791131715685,0.2976950093164612,0.20426021035542744,0.2705740376897638,0.2544888703833477
2,-330,2.4816542326229944,1.9249109003899627,1.8310379740381664,0.40604098913034375,0.1139717699963705,0.21682143616054075,0.3310390756047904
2,-344,2.731955290737702,1.581831201484208,4.987062145048338,0.7361733495317495,-0.18271720525075014,0.368842340106562,1.3986789336789789
2,-302,2.557137174323991,1.5517748827482238,5.644806461482842,0.4969267751530213,-0.3470691553071539,0.0179059969206595,0.7564474839788814
2,-298,2.4191913218235404,2.4824881607413416,0.9378521603689097,0.04053812641714505,0.0017302690358065457,0.008568932747115836,-0.007712582056307588
2,-344,2.661728500953823,1.8902362856267563,13.577255184344267,2.301496910015654,12.684508327782549,2.993441000918058,-2.149526234485087
2,-268,2.3487464292285285,1.8112159314786949,7.3419486324520165,1.9547085704392246,6.980429413646639,2.625062501023915,-2.471547649763073
2,-368,3.176496776330018,4.414847902108082,7.48236311652361,1.018292369940022,2.5728965479631776,2.0876166607121243,-1.1316950866615527
2,-334,2.75253349013577,2.702167980966725,6.4184875328949245,0.5257129676777706,0.838285194769676,0.7850094357274527,-0.47941860731201913
2,-428,2.293789687711512,0.22471413887842584,11.220847042282838,0.7507476725849851,2.166873770686368,0.24267578398274114,-0.22939995741653885
2,-350,2.9461129903793335,1.118009758573308,21.307255772164293,0.9798305543884431,2.317062315851304,0.8927088796428929,3.8308015287580526
2,-364,2.964769293298785,0.0102561250549554,25.49530115424692,0.2082879449894241,-0.4219380659411855,-0.0023960262899044103,-0.22880645630466911
2,-396,3.4826201798534715,2.4548376795992612,24.99835047945792,1.0667572635296465,-5.50386557694315,-1.3629185493770277,-0.23223613734598245
2,-396,4.104503632576335,10.26899340989161,2.018088886645275,0.1598746457020922,0.09075741208649213,0.49975920034089966,-0.0031258411675640294
2,-398,2.772920880812875,2.076192998273681,7.259644066244661,1.3060142847314902,3.5023555909666073,1.5470300267070276,1.9761915803650667
2,-406,2.957228548321546,2.331284488878726,8.559562918018347,1.2226520163381953,3.835652994499242,1.7836304270953744,0.9655114170604162
2,-400,3.052852639505523,3.6550971481550634,5.721529087366662,1.2550032734937562,2.6381062987094785,1.5011079267014482,2.085660710662858
2,-408,2.720679585622915,1.2920650561703946,12.267730534827885,1.5147533253914947,5.50351166656684,1.2714742745951972,3.5140697888258976
2,-226,1.9928131017319384,1.0723005391910152,6.100055952445047,0.7522838938231003,1.5954247906829362,0.756094108831195,-0.22729398402277545
2,-478,3.8906385370618612,5.427556056194336,9.480286518870265,4.000796605334164,15.916165310306214,7.414302534830325,18.808949717259594
2,-392,3.330399131304309,4.91141949702626,9.035813052939492,1.4489013994432385,5.235658353376791,3.05914940327137,-0.2685547084279901
2,-438,3.7195787759017085,4.599824053370004,22.190518694959213,1.8796466328019248,9.45719095963647,2.1799857814875017,-7.610987391279874
2,-416,3.384304703703702,1.9446914240739759,24.978083468362648,1.227704673108125,6.1798397988522815,1.7016011146776233,2.8338560163373274
2,-490,4.640693735614749,11.17105578841949,10.299119842781215,3.372725625220033,12.692665760421187,8.163848343299916,15.298009561672512
2,-438,3.5502474513512143,2.969338809377329,14.147721401215776,0.7481953116112465,0.42532735253339227,1.0499207341017631,2.39680716065548
2,-410,3.3756529330677085,1.953308234235222,23.915064414014914,1.9732508761417584,1.5275922475833164,1.5590517879918904,13.46895337023977
2,-442,3.4379890187121367,1.4594497240214435,19.89903570972823,2.0778309562230053,-6.141973842887042,0.49225742983238185,11.865336315014204
2,-430,3.383193448721303,1.505315367595313,25.559698780797547,1.0232668491063472,3.3511201827723025,1.1539803753303028,4.019403580557837
2,-406,3.705721791064557,4.884336084256537,21.53438038730179,3.2751933209701902,17.364127426358888,5.488376799719282,21.331825303580935
2,-532,3.554093212603716,3.06677920438528,6.374554295497842,1.3904449586955434,2.581516272658298,1.5877336614794229,3.2360228418177535
2,-384,2.8167963994658205,2.200472128504437,5.6869383051644675,0.7967684284339996,1.5005187434872487,1.0277264495918426,0.7905776230001346
2,-410,2.71212163205668,1.2406528982094411,4.604599340253573,0.8972357467366656,0.49708887879144903,0.4640775924374453,1.7546568748054998
2,-370,2.8496565081662313,2.2652553934828306,8.04253409394603,1.4189534844254874,2.9751276937698936,1.3395775092127613,3.7584345355932163
2,-360,2.931276024858424,3.6203834835985504,8.005039471751013,1.3807240198374207,4.12402901858602,2.1409883842819366,2.0157714976665995
2,-400,2.8071553040932438,0.45431744274404356,14.227828598312172,0.21192918119392837,0.12908761093379847,0.13790282202818183,0.3446231995918224
2,-436,3.320155244118859,0.7663941889535524,30.695825808188925,0.5062125210246408,0.8948419383700446,0.3854081165191909,1.7835482657231725
2,-420,3.0572414343415835,2.1310032114934874,7.6084464356515245,0.07006432643993069,0.0065579353457520025,-0.012756078065038645,-0.05073353685359781
2,-392,3.3000016448802674,2.7328322965002125,18.652338024872844,1.1032366714659794,4.645504245358864,1.8165563859571348,1.8615440334293067
2,-434,3.9818914182244325,7.289194695836502,7.68103445998108,0.9747301964336795,1.5685766995131634,2.1558060606275005,2.1570575862495693
2,-450,4.014230115686237,5.52977496836857,31.273451412606086,1.5810524820079106,-1.421565149224711,-0.8191229905094666,-11.026244671819585
2,-420,3.3923924656473257,1.6640128618420864,27.387705699010176,1.5121564274208175,6.129291254744339,1.5429188066606836,7.558497206635411
2,-430,3.524894328846197,2.7832418426421217,20.657664735278917,1.2902317017603484,5.264087519855846,2.119056304192327,4.081527135691333
2,-420,3.6310089836115327,5.222935936912024,7.918547962970875,1.0304043125670888,2.590048651601802,2.343898799347133,1.3980889723171082
2,-438,3.9824174629439977,7.026539995493865,6.59070011675343,2.696262253718882,6.8474545007757595,4.168751129852065,9.07188564622313
2,-488,3.6304613923240137,3.745969508036421,20.054977783040925,2.7417116086165474,20.146579523787835,5.068256550018861,-2.7269687600838033
2,-468,2.885146549600882,1.686001822976746,4.471676400927366,0.9336713949391575,1.4545873388270212,0.7830683887378699,1.2344092586867446
2,-460,3.128198134519445,2.1185905989632072,10.24507415485626,1.089147227272952,3.6325307675260774,1.550837400877118,-0.203156163489981
2,-428,2.7060826006275036,1.0461475092102626,4.827184056017409,0.6042148365637771,0.6273903761065285,0.44481861200914236,0.8192565204220809
2,-390,2.8914190432864566,1.7321507339329465,11.306142499484277,0.9350821892493061,2.949467919933311,1.1487223496710797,-0.7380524546007439
3,-428,2.7497357997989385,2.5970397528289,3.1911746253011892,0.6168942163090292,-0.5674506340042532,-0.8636905408370331,0.6535852845201905
3,-386,2.272846943458986,1.723876458053633,1.1946313341952872,0.22390985328809698,-0.007448709197769687,-0.21910160556200792,-0.11556504951119244
3,-446,2.5197110390168915,1.7743038251193732,1.8958100732348913,0.3249534902045289,-0.24021467677097175,-0.42441672758482074,-0.08572384836697045
3,-404,2.276199331428396,1.3807208469928325,2.0029491316160697,0.15437126330367984,-0.08101013781000005,-0.07224517416457066,0.028384703868873123
3,-444,3.116222790115458,4.045245673431003,3.4405045550288818,0.43845311470636616,0.18174146618821627,-0.6278819819197219,-0.5069179203184448
3,-221,15.952656990267945,254.32714623021909,0.8618415903893752,0.3591696758435585,0.18775643676864792,3.667851527984875,-0.06841063201721614
3,-422,2.5340588768419994,2.4333119239962953,1.1413446775651006,0.22358364838902017,-0.10547479506452984,-0.3483441235301484,-0.040394631207113195
3,-484,2.6986220262622216,1.4419187226191355,3.2842717472214527,0.3939223688413391,-0.3289307500272515,-0.4711125396843467,-0.3042395563490341
3,-480,2.569560466472303,1.4177319987758705,0.6338607463742385,0.24089645590765757,-0.005384619928128208,-0.20490303139696037,-0.09397900765315971
3,-460,2.61491175072412,1.8179735120355163,2.6198006326051386,0.3937756967816224,-0.01312449097541192,-0.4227488542491034,-0.39973624281502657
3,-432,2.9583159855254477,3.54625718120204,4.023058895445762,0.5176189004717623,-0.44475183920489125,-0.9416038027350053,-0.6001123759280181
3,-366,2.4822978386609593,1.721584653872831,2.7781460574297863,0.14754599022054082,-0.02510954381939654,0.03955242000478763,0.09106620427890473
3,-464,2.879287604315083,3.501327847725677,0.6513673540779343,0.13064638496270084,-0.0014209601161179273,-0.20926886504518705,-0.03808526868347926
3,-504,3.1355308236230073,3.76157640436225,2.1724564384395375,0.3777227215851577,-0.12673267665940324,-0.6644458738342058,-0.31782937421445306
3,-502,4.253009446064139,9.867747460808879,9.260809541821544,1.267318613756488,-2.05049498296898,-3.6714284302537874,-3.826911939897474
3,-384,2.1504798196844472,1.2619237457451296,1.036536226790736,0.11955246357619523,0.03497442367943498,0.12971186902046353,0.023408523753823296
3,-436,2.652882169597608,2.4494007169356085,1.8062407177580855,0.35959316868463964,-0.28919817744376836,-0.550247294646516,-0.018734990793082384
3,-488,3.2419706520719838,4.609324481689804,4.23845374416608,0.48038370136475356,-0.6818158107113278,-0.970530981337236,-0.07064895225008722
3,-426,2.984314101190911,3.7322218971168657,2.221635743056497,0.5187494288732757,0.05814712419773403,-0.5266768302491975,-0.5538504477076807
3,-432,3.321380473783442,4.2233932261883504,6.631100333105366,1.5465018006951323,1.587884950397847,-1.22442825345422,-4.690969564587317
3,-458,2.586557418161771,2.0329691924367195,2.0021479983750274,0.2927163506361751,-0.21074929403973924,-0.3615706438782891,-0.07615876730385471
3,-422,2.404125486935257,1.4355669270364957,1.5561843231718395,0.25791384685585134,-0.16334220266381594,-0.3081813268142139,0.004208464735488721
3,-474,2.5111553026169644,1.424342574024237,2.8826748125028425,0.5569006538676444,-0.24721267703709435,-0.4458582029825225,-0.6608862661637576
3,-426,2.2241766967773433,1.4124881359118264,0.6699982541543126,0.06492404751222605,-0.012329815072157014,-0.07365599549573913,-0.0055972920591652615
3,-448,3.1971046093834077,4.320571237190063,5.473270271081069,1.2545176279436454,0.6983334921851478,-1.139862290735561,-3.21226318693786
3,-426,2.655995418118697,2.7375857477730374,0.8632515119337338,0.16174444063010807,-0.047716084721404914,-0.2481936930925495,-0.03709408839608894
3,-480,2.4642529627807312,1.5449070232462259,0.8396226111201905,0.13974478216017738,-0.04640201171119811,-0.13933354602411221,0.011755877409877654
3,-412,2.0206290968975607,0.30057472886786973,1.3906822722504202,0.18173235852438324,0.06513389305542076,-0.013170287094591553,-0.06406610885023126
3,-442,2.6106951249081365,1.7331526640597863,2.645723106638021,0.2346204197609548,-0.182462952423778,-0.25920695612521716,-0.029614555255495056
3,-444,3.417439642863087,5.964144559120561,4.05286687041613,0.6649741389422633,-0.2208532661320074,-1.1070450631142692,-1.0690885646086834
3,-460,2.846524296676395,3.3469413484313364,0.9779459240754592,0.3878619772429376,0.15649483146748372,0.07912388307090454,-0.18047520175374626
3,-416,2.549353304771382,1.6639165447509694,2.90735858002752,0.7418079154314297,-0.004592846992634014,-0.3635727321402303,-1.0893881190424142
3,-392,2.4610381729468207,1.4197061694992956,1.8294920916285502,0.45815868251930814,-0.41841383984071634,-0.5429262627425517,-0.029587394733760014
3,-416,2.5741718623526744,2.308648974257907,1.8323848726947474,0.3287838334459816,-0.05875184263507302,-0.36671460171675885,-0.24834103538159147
3,-448,3.203891561219845,4.351153544204547,3.514135641272646,0.8883357644061158,1.1365065917562274,-0.27677714867437814,-1.0825146620674102
3,-454,2.8621286667352948,3.2155259652650288,1.5774178154115042,0.1980251823969256,-0.0990288031988096,-0.22520655508375614,-0.049421696477485705
3,-524,3.9416955261204776,5.087063223994124,14.282612166463055,3.1927993072241057,4.8076580452016024,-3.2839298851117626,-21.017772820052095
3,-448,2.973969469739689,3.7970945035383155,1.922252736327703,0.4344472146412859,0.12682149262763437,-0.3869331575493944,-0.3762180442888727
3,-452,3.104863107648829,3.395728950014443,7.68133571178967,0.8870666190848873,-0.6573905796275619,-1.3986231139829346,-2.220264398123574
3,-444,3.2881402057350932,3.9048517509133758,4.483671753268816,0.7286851360268581,-0.7339401756349787,-1.4053795894548191,-1.0936856557152252
3,-418,2.6639585812840525,2.6652887827559133,2.8600674861388242,0.18573153659013902,-0.11748532456276556,-0.30174266454612736,-0.06724392195795224
3,-442,2.4484033743263227,1.760739746200927,1.177177232565365,0.2341403959525413,-0.0310886923437572,-0.2455878677792342,-0.1189273605842023
3,-352,2.31778824132498,1.5081996027179323,1.8128404057942251,0.07378876346677685,-0.008266658080973648,0.010501051353293357,0.02569038415244851
3,-452,2.9841297773562054,2.956464037562466,4.403205064762342,0.5978356198097917,0.17812885591730834,-0.7354212670681428,-0.953470954999652
3,-490,2.7027225885172195,2.865729849696771,0.3820998520660132,0.055136585309542886,0.0070849375233462625,-0.051042146742338805,-0.0037216014763789365
3,-474,2.692009846326074,2.4290593621608774,2.656529560303,0.5363236608523855,0.3338576733952213,-0.31362715859535467,-0.5462245829987058
3,-388,2.3402889227746186,1.7073317785811801,1.5212234781914324,0.26036228317316396,-0.062471665685253766,-0.2977194513670872,-0.15148015215778318
3,-422,3.2479533280465263,4.508728595963084,7.47001742957137,1.3132854082866476,1.9833338311425466,-1.1063794391994441,-3.6036554890662336
4,-272,2.929674061582169,0.0807225332633535,9.641062860761508,0.7135935097034585,-0.7899918393252354,0.06555864673565212,-1.6968249725939557
4,-260,2.5707736175892215,0.5175576976528024,1.4157588976631543,0.5390310175892236,-0.1631704722906292,0.3702343185953178,-0.4417108984229251
4,-284,2.3284481755829907,0.03357765345618111,0.9981604590489421,0.02928659944171342,0.0005313270123681051,-0.0023173595233735274,-0.0049790304020757735
4,-232,2.756839661366291,0.1582063197455137,7.348740717560258,0.44978481856989605,-0.7524097210158083,0.17889779826634722,0.3202708565142631
4,-268,2.841926174302972,0.2396410183353953,9.011623763064934,0.5927219964462205,-1.3555764041196547,-0.24565463232349696,0.19734620007823864
4,-268,2.7842550093221528,0.13356771549068724,7.317916411534831,0.4262274935782666,-0.39340966432921676,0.03976123983796299,-0.6417747525830442
4,-294,2.3481361251642916,0.15862393050923945,0.13390265694970466,0.10639943161505216,-0.00022180780055852233,0.041873761503699376,0.012698058165272672
4,-252,2.5517953189131757,0.3045696214141835,3.129944366019109,0.27148811933009154,-0.10806016826661939,0.10352792966072964,-0.22572985033427911
4,-296,2.6421064684578406,0.13366621164690368,3.4637604079838717,0.4061325210566304,0.4354568887306863,0.0031994796110478077,0.20593940981272324
4,-258,2.716290818807546,0.2673143394654124,5.913861820233436,0.5355986077451619,-0.926989506581775,-0.18382696583662791,0.22209348609636514
4,-258,2.5062167196738265,0.47641761196984245,3.426853615824778,0.12302327180926809,-0.010376132765593111,0.01708778411464857,-0.07920148314826987
4,-254,2.801657584670379,0.1467453317350109,10.402112354456511,0.4462358110492528,-0.7877397252206113,0.07716923786720065,0.5511533882982101
4,-256,2.344384302034017,0.12265791895516018,1.9586424680256052,0.30927892508401833,-0.24066578488637205,0.10829194759055251,0.004865179691505864
4,-264,2.727613866602449,0.4481059778176198,6.789845476330731,0.13137307847692062,-0.08113097661445266,0.014889924455151752,-0.09387619941727815
4,-372,1.526984101676385,0.08634127887085488,0.37219447997615485,0.009391808660822669,-0.0005515760591873332,0.0026050281261089173,-6.399348920107007e-05
4,-302,2.7276254874069688,0.03279466613814199,4.780540382085884,0.2763590175815254,-0.17571144939153158,-0.014916476235277138,-0.2646262528853317
4,-262,2.674352441876163,0.25149949946066075,6.911945072900865,0.2562558820086966,-0.25156209775166327,-0.0010567128551335209,-0.23027762238354565
4,-316,2.775653576139912,0.30137387721863407,2.263190080821418,0.5425112555216849,0.10801943604384714,0.276182758986987,-0.5913525197272833
4,-414,1.6386246275678724,0.03083515059813622,0.1768246673742463,0.06058179361139009,0.0030523198995175767,0.0024727630633912083,-0.00547716483271065
4,-268,2.87974737683951,1.4130974818900275,6.0115174654823,0.3490266888846693,0.23219258842083604,0.414821201546619,0.4490947746560318
4,-300,2.936296950768471,0.06866695924489682,10.099322490264829,0.4317376240064337,-0.8677191201693731,-0.08435584252395845,0.24454873616503853
4,-282,2.8606456658027386,0.03626275134327044,10.762898529410661,0.4881201675963243,-0.5479298874273445,-0.06094469537641087,-0.9754483558980478
4,-418,1.735897772859524,0.0013431905101682626,2.3350444832682795,0.041704134559045876,-0.011695198359177775,0.0013506191077242088,0.0057088334585110425
4,-302,2.827844693696085,0.189163066550829,4.714687859377573,0.413937009892591,-0.5740648411637942,-0.11932025946690067,-0.06958042536732917
4,-350,1.9913325854238757,0.7394344166246265,2.5584593030658063,0.1276291210046273,-0.03760356444348015,0.016983032309619207,0.06248956473191939
4,-320,2.6431806953022723,0.22546421889146642,1.1909794710798123,0.25213394175500015,0.13250041722912398,0.002153822979019948,-0.03915738022619692
4,-274,2.9986985721111425,0.24018252874289292,14.45913037693245,0.29099500904972714,-0.45954163006772836,0.058267530224569285,0.3809298109183925
4,-280,2.4661957455354875,0.14003664290494844,1.4276194786238272,0.09020606724487637,0.031790142961240116,-0.015446915437197145,-0.0061062673742930465
4,-286,2.524420360631105,0.1548964951177233,2.0419694788107985,0.13113653361181804,0.018704565922708555,-0.04157131670846755,-0.06523067312328243
4,-302,2.7695898315957685,0.4560361235723362,4.934416647898685,0.26161542268606863,-0.28819573594893355,-0.025484236284725355,-0.0727814707608613
4,-310,2.476081933975731,0.008306920424614691,0.8766804226477836,0.17648340503117455,-0.05103373685753932,0.013501635493979184,-0.04705861636885099
4,-326,2.7544417146197953,0.18991281680392547,2.5152812331822867,0.23805373430689752,-0.1453693676415999,0.046852409225144595,-0.1131366875935031
4,-314,2.5505881799768515,0.0030782889151919762,1.982029784988333,0.19591233891985274,-0.09932505627107462,-0.00047545830826076023,0.07098086214468138
4,-338,2.560437698737597,0.13910735709358502,1.0493956773241295,0.1790650995319834,0.021397907627547893,0.05546573660084012,0.07461460012004957
4,-298,2.562969470566256,0.1225977508313943,6.1012793441484625,0.27598858040640956,-0.2201484648588043,-0.06732116516545282,-0.2824810486699728
4,-218,2.6022128143091363,0.2365740171897677,2.6679900618544687,0.6446937815433645,-0.7871968368357152,0.3125820409902351,-0.30857750530532874
4,-354,1.4444653762129755,0.018371382977589397,1.023136604448742,0.002052855462325555,1.7138973552193297e-05,9.000972705559696e-05,9.250724197941411e-05
4,-290,2.4178279883381917,0.18170124464023474,0.524638385173152,0.18987070505957765,-0.05991798774168139,0.005560760036512016,-0.0009940339104645042
4,-402,1.5519508406950027,0.0017421563429244266,0.9476603447153253,0.00036049763932345565,2.6258903684411012e-06,1.3108347336873903e-05,6.123916211836518e-06
4,-246,1.7756937500000003,0.9497702894140632,0.22143572744541756,0.0003479156405868789,2.7628071623350773e-06,0.00023950044990289016,-1.3009001904284282e-06
4,-264,2.473521863191813,1.0753617017659916,4.716057532909986,0.00300145869811016,-0.0002982928807911971,-0.003029143245675089,-0.00019631796198931064
4,-248,2.4161098849275477,0.13867255168197315,1.9359001740363433,0.21906612667424477,-0.1263228673259508,0.0321791974061407,-0.06629182445287886
4,-268,2.9151501870448326,0.26792791155483653,6.9193198611174775,0.5263842229793475,-1.000961713975891,0.20249990344861976,-0.08522596038671587
4,-250,2.6682618955537247,0.3365345141725973,3.219178395529715,0.5147732413361563,-0.43486260507187535,0.25817981363583575,0.5000243395236558
4,-280,1.775259691178058,0.25904365120861655,2.7838192178889916,0.04415910656020937,-0.003526384653311003,0.02244684070133891,-0.015075917321154856
4,-296,2.870486068874825,0.011662234590261781,7.274142630220982,0.5323650184951162,-0.6587523819464964,0.05619799130425777,-0.8145919184739847
4,-294,2.9539413190516335,0.23828060029838308,9.072480909951366,0.39222942164000896,-0.23848019828581035,0.055702476397586256,-0.7004140555613684
4,-266,2.5799609902749774,0.9142355637597745,3.7261400558298723,0.38305235381569513,-0.10462045148262417,0.2969098223621114,0.4455131868596105
5,-498,3.1381342588706667,2.2775035947585054,6.245768859812206,0.6219341321903067,0.764466127267466,-0.33234286048522144,-0.9581792446440565
5,-610,3.8872441992853446,1.6794522814771988,10.141753618651835,2.1778367176479136,7.7779673760433194,0.7792540767776874,-6.65294360875642
5,-508,3.097183313837246,3.5077818331934565,3.5438794316487106,0.46070498874066107,0.31927679441120926,-0.03942774098982682,-0.49456828649732104
5,-612,3.3327115745103004,1.9877768603169559,2.82834346759708,0.1083107007420781,0.048336687688788474,-0.0990632804548106,-0.035458443870655304
5,-528,3.146672748852802,2.0749584237007723,4.630526548250096,0.11324797201645008,-0.08158897451058278,-0.12200996586595639,-0.008288206442056655
5,-486,3.489326843371652,5.977693461856755,3.384544539821589,0.23244175254004126,0.19758369049028085,0.5192023783117867,0.05887226278599998
5,-530,3.253265470812508,2.2644964241715506,4.182365109657004,0.1535763785254678,0.002484165812410913,-0.216850465379121,-0.12305779595557985
5,-430,2.57044723923455,1.6104592312863202,2.3690799968962257,0.11304738550352274,0.013903607702999404,-0.09712487907033605,-0.056827196502768275
5,-420,2.60105390658462,2.4310592039932946,0.07915474507791306,0.11988355776275632,-0.0026650729538254584,0.16829125932314318,0.011370092321778052
5,-528,2.6294663745447684,1.1601947385761693,1.0846408341596818,0.04395291043900809,0.00959606986377883,-0.0030629182565568396,0.0001147180621374048
5,-788,3.301233578706327,0.5047886458461668,1.8241169663349222,0.5755187329248297,-0.1733797870312889,0.4039267192175654,0.5636138520426828
5,-708,3.0637233806217923,1.4628826189610928,1.256633079981813,0.27777180498088666,0.09202116568637211,0.26673047891351764,0.1358836846387025
5,-538,3.0586026937926785,1.7663087582008616,1.5825983227709286,0.16246883651442862,0.07577477356539256,0.024055217720574607,0.03233004113406755
5,-413,4.590935013930382,4.008014620483346,43.81172408399069,16.18813102484266,420.49078626716823,30.085877919389752,95.10606503779461
5,-622,3.3147070625217507,1.6908285775085607,2.0078281608106527,0.6880577399127443,0.7243582248149226,0.3346858782783261,0.35963936237276267
5,-510,2.8932963974443267,2.882609259117825,1.6918505283816612,0.4419520260546396,0.372889119320913,0.40063408174760534,-0.08365963982990356
5,-530,2.6496915010780078,1.3677994033676306,1.8525043279854296,0.4412627691343104,0.35397974765580853,0.24892222098539446,-0.18402344089610562
5,-506,2.668463500858958,1.3644535038289218,1.7100660536392271,0.1355332825361951,0.06324426680057041,-0.010067157964578743,-0.016050684774030557
5,-592,2.964532802432183,2.1561608287685656,4.0373905672234,0.8370692543142457,1.3961484184854867,0.2596836424159186,-0.6471377336248205
5,-496,2.3357756706389345,0.7715673064187015,0.9860399485679184,0.03826264112436106,-0.00446981916634193,-0.03351752817083056,-0.0059377058422001834
5,-458,2.544096806075646,1.5213385559986141,2.3899808039096815,0.09686562756067288,0.013280213781007976,-0.08880824784507617,-0.04467498620148007
5,-454,2.774409271320985,2.5991450951936192,2.857280654661035,0.4047543421680039,0.2599352408397792,-0.03891731449900265,-0.3491389366104141
5,-492,2.460237509066472,1.0493782538563827,1.4136101838505644,0.21285714056920219,0.10606773546199293,0.030309258547566026,-0.04881318041489203
5,-492,2.0579110261538425,0.5889499110534122,1.0257393654782416,0.12190452535988143,0.03678732855188699,0.011035457721363391,-0.022470197831220583
5,-680,3.1893987843093807,0.6443874214450505,5.185887227715105,0.6475525126289968,0.835323895275672,0.0814924592396443,-0.8428411243093071
5,-552,3.603100039327037,5.409454758168523,3.0799320096463454,0.14508351386771565,-0.09659667054474635,-0.2615903624927697,0.008652992149288857
5,-536,3.3800077145552807,3.808461110197812,3.142886129442032,0.28390694333660405,0.16275368135806217,-0.29326046097668196,-0.21314877427511567
5,-472,3.186818730925877,3.7700958796818185,2.4492662994842296,0.31368650519053737,0.23930036210691072,-0.08946774258551546,-0.13540914244707736
5,-510,2.5511017378760132,0.9757840245188083,0.9420995529163135,0.2267359304824247,0.09064649673143714,0.13630775554885344,0.05257961484361298
5,-454,2.141619348663487,0.4610919951832708,0.8146340492564069,0.018813746994888865,0.001993631874772345,0.0025581409348672413,0.0012042802705439556
5,-702,3.831428504958573,6.145512802818029,0.7790204850472996,0.486348544491764,0.26418712856301363,0.6662493514506553,0.14079217732697993
5,-576,3.4029712316181095,3.4997169835191513,4.67486396375266,0.603639205127904,0.8303046875512056,-0.09370062788604189,-0.5821084287215769
5,-492,2.986320612796872,3.4241341902391746,1.4444955145358866,0.2881221073020309,0.15529703193312577,-0.07013382589614192,-0.10214041455969965
5,-590,4.125275318489181,8.337419477648034,4.068906671345382,1.848903799400406,5.062681127987496,2.985954947922971,0.2937373154722255
5,-446,2.679994991540371,2.42562650411551,0.636256525177339,0.31974436228959696,0.14278876571744317,0.3020914993246481,0.020255756492694378
5,-436,2.4680928770506196,1.267086616398391,3.1354677824514723,0.05480756356180825,-0.016415531044877214,-0.06085419955427604,-0.015707872908562737
5,-792,3.0313906505576957,0.47936191915165727,0.5064465280788559,0.14145438525251874,0.008751962512735826,0.07385285841023843,-0.03683550094205702
5,-404,2.030151035871728,0.7455217718552714,0.4199455754685216,0.0010845322450264048,1.73204298484911e-05,0.0006408563221521588,1.5352563071077704e-05
5,-490,2.9474160181934232,2.6278491735414375,1.4962901370256048,0.07572718888975527,0.02540486757674477,-0.02847763095006491,-0.002092881762850699
5,-510,2.8676656669149336,2.4466424813091203,0.16606415697489268,0.24147137269878183,0.029118633245335063,0.26355948091173975,0.038603857708600656
5,-472,2.737562888673918,1.6095086136200463,4.675676777355251,0.1077986580519161,-0.05216907264448611,-0.13669891736467255,-0.0559956566554786
5,-504,3.6540216206708114,5.3947440299135945,8.827852985589226,2.462590405738955,10.002630264454423,1.830868345329318,-5.63761176638517
5,-666,4.30907650012927,9.214004108360937,9.200383360506253,1.3731842477670568,2.9464489842678905,2.283758081645982,3.8911713045004594
5,-492,2.8334688115530766,2.77219131822957,1.9344572936264746,0.07698200177694685,0.006183440614987929,0.016556308368054745,0.029056660376278774
5,-434,2.713938685173609,2.177008897323671,4.242013645278788,0.3147282790470048,-0.17840656762845764,-0.18370322881179105,0.3168850382376887
5,-516,4.122541106573504,7.063384157339103,9.46914367049986,1.7128962028451893,4.079655296817245,-1.3762713452187965,-5.562833196046422
5,-594,4.251819350473435,7.784823728177637,9.114874030871084,2.9097336055897505,13.828808870633498,1.8478056769874944,-5.7717111751645165
5,-942,3.6709586178514435,0.6416301093813443,0.7299982206749798,0.7153974333336831,-0.38658003730862733,0.5365365222479849,0.343270037887901
5,-508,2.9241649606910944,2.6225119936911714,3.0429448327919664,0.20458359325179282,0.020479583189464468,-0.26074312220240287,-0.160114056431661
5,-516,3.1199500650449847,4.082934742207028,3.0880226452928694,0.1665585174010771,-0.05816366677822403,-0.3163265309012578,-0.10433396591083442
6,-560,2.761609742136833,1.766608297315711,4.6616266496742025,2.6727324331980684,8.750997802752932,2.5979366791720864,-3.524612419313914
6,-310,3.243293087998837,2.1790282636586995,6.378269542435423,1.3479974910114452,-1.8299579049961752,-1.6988705287160133,3.5034923510253466
6,-564,2.322067487005375,0.9499019218798568,1.899296112605785,0.6097377225615681,0.3952637161182068,0.2802742419906514,-0.5237507882759056
6,-438,2.6762210544322538,1.2594928014114974,3.737494658037274,1.2840346443072979,2.0688153558085345,0.919445042479652,-1.905898701960132
6,-342,3.142258107662201,1.2543104383386812,2.737296247621566,0.9044950673980681,0.16679836440328433,-0.678219060641336,1.4134059491683044
6,-432,2.407642476476911,1.3292177956467148,0.7808560486292725,0.3173536935866449,0.10368514626069467,0.036308012076719395,-0.11919279865874546
6,-346,3.5454068236822396,3.0688574659017864,6.260266888765386,1.5180795503626738,-0.10364216736990972,-1.696367541559909,4.678769960377271
6,-440,2.392128053768681,2.2330275917018443,1.4642403196732399,0.7475589611142007,0.7582949809443182,1.0957680971290606,-0.19158063581090629
6,-398,3.3576682887990916,2.131747162664002,5.410620899651415,1.111997699789458,-2.626335954644184,-0.828937869528177,-0.7362858313138582
6,-340,2.784017021619486,0.5621810767393373,1.3540219098046942,0.3593240227372518,0.06575384276542867,-0.269394623621821,0.24185632552065078
6,-306,2.687214923583939,0.9956029827734258,0.8198008031291624,0.5251479770955063,0.26272943272918503,-0.1734882926045667,0.22293793125127725
6,-406,3.71590261522746,2.0849859548839027,6.1155568854777265,1.6350808058008062,-3.7597932687407525,-2.360793567285185,3.5492706641700487
6,-438,4.013762479871834,2.701235439567151,8.673726646062677,2.24950518634813,-3.8834519598734674,-3.348059187553476,9.146190457474846
6,-514,2.1104842601095313,0.291891651151554,1.19010047029362,0.3592484403840849,0.11256693048783369,0.039242106599728044,-0.20617221986660128
6,-306,2.744742331636918,1.8963011394933091,3.2729563894112714,0.7955289643949709,-1.0242575994165097,-1.0247371858133194,0.7737638171691906
6,-574,2.3975177221424095,0.8489681712011943,1.3095599039110266,0.5307275836102179,0.17181949007336567,0.017680417272590634,-0.40773208366576963
6,-640,2.645323168692509,1.2135682136804935,2.544244998068141,0.8234553422134987,0.34986365473719006,0.08716792181616026,-1.1393942313698855
6,-570,2.3362999673767058,0.8372300279078132,1.4622115037317387,0.7169050030197488,0.3210021221757026,0.29415781124391843,-0.6600888179358263
6,-734,2.903310121778381,0.8517406716295362,1.5516100512801978,0.4977517592325461,-0.08603627455768798,-0.041436740544429945,-0.4288874766526246
6,-640,2.4969358936350385,0.5572791332648643,2.4064485893805383,0.7615662674506976,0.582741410555198,0.34341717509973907,-0.850488249779842
6,-766,2.8648358295845107,1.494313701157322,0.7553565672225778,0.4265871406904744,0.007044864200680526,0.12654227605143464,-0.24204926898529433
6,-562,4.716796996296102,9.13489603365409,17.87301828976221,4.80479684372873,-12.197680880161597,-5.360469443332597,-42.82243901478135
6,-454,3.9653324345976326,4.187022492688078,6.003663760944456,1.4343460621575108,-3.4615086409479074,-2.934988904750285,2.394675114706866
6,-414,4.103785823091642,7.098266079926598,11.417289938231157,1.6922180405171714,-7.431100791823582,-4.116852992330363,-0.3241719996830532
6,-472,4.148282655732695,3.924536528821742,7.496739773225738,2.977536768282384,0.9898305133047858,-2.7241607075645007,14.032795261903367
6,-318,3.064358779743159,4.603615586037417,4.845662657062418,1.213771289681179,0.4776381154749576,0.14097051620063938,-2.9046111412634827
6,-446,3.108534124715521,1.4271452125394175,1.943607429792112,0.8132132402195595,-0.8538917652536139,-0.9704590813828702,0.5622481105815226
6,-328,2.8605351851694443,1.566359963827963,2.3283566348730584,0.7665345977708217,0.04891148233304621,-0.5638418493584154,1.0228841660530703
6,-596,2.227168517705251,1.7358995565024697,0.5157607577953981,0.24380898831796532,0.04722808504349958,0.19894718314293458,-0.07241733959253849
6,-398,4.279467184629891,6.085296410309951,6.914453730009385,1.5299482422188206,0.007349265400236171,-2.946122257868552,4.976151249610303
6,-690,3.037134409084209,1.681478274527545,1.9832852515823167,0.8341536125834978,0.8907112374527563,0.7654842100957089,-0.5981309350453495
6,-522,3.4353435218192105,1.3936757348564628,0.4789927903100195,1.1895399916216793,0.7852059729281237,-0.2802749431126743,0.43553975711261567
6,-448,3.535071315430131,1.9294675763598146,3.6981191858553295,1.9660602655527555,1.7093896910179815,-0.17161541337997765,5.0181866145960825
6,-594,2.7242288116365403,0.9548780579894814,2.646298178604395,1.0455071344493443,1.0351316076070896,0.38519838529926886,-1.3974144390816752
6,-472,3.898951989226055,2.8499001182041357,1.3331849411207253,2.388115690780302,3.4249487937971814,0.8690623508635082,2.5352009506409994
6,-476,2.425843553753474,1.6746711720921232,2.856784803950949,1.7097277999928786,3.441207691141283,1.5963375287683976,-1.5607036955596993
6,-422,3.5756257781122365,2.356572790524443,5.40898219960301,1.5664473260353557,-1.2929504676538335,-2.119289992144721,4.372491692494875
6,-342,2.715414711011798,1.0571686385944952,0.45568829525700805,1.0170193264657301,0.64532501413282,0.5330642038673444,0.25081601221569433
6,-502,2.6346767295569906,1.0174173570379366,4.546714590324601,1.4044039101586914,2.83244998657457,0.6259824135411822,-2.1381112679914462
6,-520,2.041862536611878,0.37631439335072464,1.000016483452283,0.36556181661708964,0.06953008634147045,0.045748031333782024,-0.20980559382552755
6,-622,2.755035070350357,1.2361474580944252,2.592319247214754,1.0513845277598186,1.0856194089156161,0.6037420456397169,-1.354345155932684
6,-442,3.5461937255859377,2.567946432438509,3.5866500941839754,1.2755769990968124,-2.634671645222912,-1.9953201856707243,0.708908547373125
6,-502,4.831453456574112,9.01726690070822,5.04134859548368,3.9149224317855045,17.391677708494065,4.7231124482584255,-0.15219239689197472
6,-376,3.5299723960401272,2.568656740231053,3.7449797996204337,1.30864620879948,-0.12807007595828646,-1.5348314826948573,2.8942320104528383
6,-318,3.183069299768518,1.5971034079097741,2.6325496206643106,1.1921299466765036,1.0395389737997809,-0.3777869839940301,1.8383381345071252
6,-720,2.6567324298304404,1.0639646811938241,1.3261737978725985,0.7324050049152625,0.2478174614416608,0.3722115601105218,-0.6779428119128101
6,-592,2.43807503065584,1.3531795956166983,0.6864584256592354,0.2648469688317225,0.07757990518582068,0.05583543783230986,-0.08206079245325272
6,-488,3.561907716598019,0.8305120638232449,2.3664368723423133,1.673169922373706,1.439357079546627,-1.199941669361563,3.0021200377000588
6,-422,3.7417817626146244,3.1181014942228487,10.804815663101863,2.5462524671566746,-8.54381243575114,-2.199542367760347,-10.265147033855158
6,-388,4.153051259393344,6.145477967254118,6.385992442669369,1.5793073239793496,0.6443789267438289,-2.485021699538982,4.973932954691248
7,-380,3.703035210334553,5.973446474843675,33.45063878906972,5.941793848811022,57.58495955549948,10.971854580471076,-60.836372219841735
7,-382,2.299932450590985,0.906127857557438,8.025935825820563,0.5184025700216081,-0.6504663677523779,-0.0716177591501132,-0.8336881405244073
7,-378,2.623029021688141,1.961603913670202,11.494296449604413,1.7147907487848697,2.9192322258949974,1.3346266506723872,-7.031102569713112
7,-278,2.780530593713026,3.6181786189499565,12.94485815631883,4.5304396980206345,33.88960161365101,8.60957127435843,-7.429345451234022
7,-384,3.013894290282198,0.3621106523936056,23.48703357222352,2.5559133965349194,1.7054822609586733,1.1169508729740067,-19.729528372755517
7,-446,2.5703429793585517,0.8254192110157701,11.713789209656355,0.5094366171891064,0.10186941492932153,0.36510373413130076,-1.2402921794026118
7,-344,2.804607444538359,1.1352228690093087,20.77358746081311,2.3494872724083664,6.03900966004056,1.7986146254697042,-15.26273103273659
7,-336,2.3455490963039836,1.6665316398867014,7.536600498397113,0.8144859821556145,-1.970440419348917,-0.9570708305390918,-0.4353603721683353
7,-472,2.441554655620539,0.5730439243773278,6.814081423947824,0.6386561086429762,-1.2662539833315738,-0.26914093540580436,-0.41429751103142276
7,-406,3.515375629629629,2.9824703080770427,32.959033504897775,4.180720795087335,17.032450339515805,3.4986389894079997,-46.02490622990247
7,-428,2.8512851693213177,0.30339636963800765,17.875626244761825,1.308849436653739,0.3726669908561949,0.6294827107685785,-6.319917837389868
7,-418,3.6843402437582924,4.436713663162964,35.5173712953641,8.028602220586707,110.40361997555405,16.172644166576145,-78.68723602967445
7,-476,2.2299442354465873,0.009546744357652102,7.028115054523315,0.1677671548827088,0.15571009719585857,0.002798592701202541,0.09455543504396988
7,-404,1.8574344244838157,0.07228663749853466,3.4427141935682695,0.1454566721611314,0.0015357749780387647,0.03363848275682246,-0.10292067136653046
7,-434,2.7743529053797227,2.070101683749117,5.9944003863724085,1.0220677047509399,0.5878541476854576,-0.196841273299955,2.460588914157595
7,-378,2.6021745540259573,1.8679604046275387,10.493058088203487,1.0930325544602923,-3.644049229868147,-1.4722966345131754,0.6507336981512235
7,-430,3.0243632721622897,3.229169573732433,11.711186691586173,1.6351619613000232,-2.28534647093743,-1.599384311353025,6.780763671730736
7,-336,3.84020451957816,6.361075216013382,38.2906891938917,4.472322922957965,-27.389731398770913,-5.769819924360344,-51.72093906238593
7,-356,2.800621781969227,1.407832034487194,14.81627634119499,2.9350267172025384,13.028096581761833,3.449178966251033,-14.3134602937129
7,-378,4.201594396000483,6.791309590922449,53.10278582865117,7.771605177265301,21.398642526742073,3.186794932415294,-156.422249860729
7,-448,3.375576574949101,2.5043846710092796,25.983901153048414,5.387985993353731,52.503393017292446,8.300129506904934,-36.16178571949081
7,-392,3.5043100740740734,2.369242366829058,35.68352844073624,5.583974675234345,27.645404974638836,5.077336312830213,-73.81520982750801
7,-404,4.109745392604733,4.132098356053331,52.83437036527064,7.16286446755872,-23.00129305526999,-1.6792103257094375,-137.43252668812931
7,-460,2.2400438391380018,0.6249758976958261,6.278305248329357,0.6568764810735155,0.14828154164878476,0.26181488855528684,-1.3257052625007222
7,-370,3.320613051888939,3.263773577582988,26.735307955620932,5.182376061889297,40.08738622169673,7.648337179680269,-45.97941722015802
7,-510,2.7109439358831064,0.7938060638733246,8.334833766112325,1.234429145934137,-1.0080390904182088,0.26907523133260425,-3.829103014871219
7,-482,2.468797497187349,0.4351596212689815,4.60461656513708,0.4441813424356872,-0.5845889424615317,-0.2604425167123613,0.24856478021739303
7,-456,2.504634344993141,1.2522273151175374,13.476978764903647,1.630607822253726,3.5760926891765505,0.9935419551692577,-6.755905833481884
7,-580,2.8106217929177464,0.6023225298251811,6.560444837172239,0.614611049102491,-1.1920431842747903,-0.32541518107756146,0.3196153164970025
7,-450,3.2018152769679302,4.1216083433137705,13.299743165735139,1.8949890920905006,-1.3447213751965075,0.29833539004308035,-9.41779233093308
7,-394,4.05975162962963,6.144259750616238,40.55843605298298,7.06681867245806,43.66762633760538,7.62724821832712,-111.38615604058995
7,-380,3.2611857452223876,0.9665365624885282,33.686543247147064,3.800910656284891,12.864711955639203,1.8585073213158698,-41.03993698251129
7,-434,4.109765669961814,3.3351342186190314,60.68833742248408,7.814076627169131,-15.046378100056938,1.161496736516379,-169.49803672462616
7,-426,3.401124850221956,0.08988126654767285,34.52659293326051,3.011546692785285,-17.43288500477577,-0.6352669326611422,-25.280784152999363
7,-362,3.5660106026173435,5.134492624149084,25.518704171379266,5.227278245258823,45.168354031303934,9.907201216272274,-40.05893864267391
7,-326,3.10281649232027,1.9221519356829286,23.065126545300366,2.916210147496612,-2.8709943011396195,-0.029987323110774122,-23.744026876203662
7,-404,2.878761536106555,1.2288766973206136,18.432496902141732,1.9191870207703512,2.401367623876671,1.3520855585632285,-11.159342614893717
7,-368,2.6628103362723636,1.4063770897712462,12.598411641930376,1.3177619748336147,-0.8129272035299719,0.40723853967703727,-5.307349516463737
7,-428,2.7744144100909027,1.4852131337729482,16.61558550200307,2.5414057463364514,7.3100943491887,2.2938632899508677,-14.808629568913899
7,-478,2.8848403206447184,1.1471137198419175,16.9075844598692,2.377651022738143,-1.3426054087473167,0.8451896382382629,-15.015289793793448
7,-476,3.8304699110222247,2.6002227634019257,42.84132028289153,8.77329792312707,96.0461966710248,11.084329158828277,-140.37567786295025
7,-524,3.9892962173302164,1.1284419617123054,45.92018465964109,7.650657873998314,43.16476028105755,6.603855041967269,-136.74956094374394
7,-338,3.35432361234004,3.8345214051624756,26.378261162102277,5.650338113212048,45.57920998663758,8.485063983067356,-51.77865428907309
7,-574,3.352860964507239,1.900049136574121,26.91149575126142,3.3858873606520454,-11.913627754438119,-0.005144761293915168,-30.044605224678257
7,-492,3.6456914632675,0.15900965588619315,34.959205412264375,3.921077330383125,-12.916284554405534,1.470758544977764,-44.0535929563445
7,-520,4.020918563559908,2.031990760288294,49.45186361972597,8.303538043150388,91.77894154433889,11.54558070422113,-141.02742150376505
7,-498,3.7118025172217113,5.616779756587103,23.649559125379234,4.606430220304022,31.613716205406728,9.014448212275507,-36.22421093757517
7,-506,3.198935113538664,1.4717285458275304,23.629165197245964,2.2217011746548865,-7.660550926007996,0.023097296751512786,-14.157632971099218
7,-386,3.883419222222222,4.543840841233693,43.0767567314625,8.457979842613948,64.70422443731032,8.748824540171773,-147.91036288412778
8,-394,5.3352524185524945,14.178092892816839,13.79888268633659,3.876536960944185,25.8970650425901,11.374432555281777,-11.540940435767862
8,-322,5.36775040877915,4.469581187652361,0.5884342611499216,0.35307707588744514,0.07604040636987391,0.741235524470444,0.1418388493926141
8,-458,4.386986666109566,3.0338907621468385,0.4970341707717337,8.565647222155732,11.729290054765055,14.906765049887365,13.220890412534372
8,-356,5.045087824459381,6.99485187038956,1.8662963510769313,0.07839314364305278,-0.0297376574464532,-0.18663550230008386,0.0038452453982301023
8,-456,5.513296955731491,3.831133223816387,0.9393053616907749,1.2651978789126679,0.8723573071306023,2.1870783375592047,-1.0683195053292167
8,-326,4.775205368089337,5.424821217118455,0.019333091938180322,0.22499894704834467,-0.014636495741798608,0.5229642948781396,-0.0024466101206404144
8,-344,5.184537368143903,4.195573438858691,1.3145573876020151,0.6432798414707758,-0.5859448439556537,1.273393419586636,0.08122308310451505
8,-390,6.2456109544518865,6.517650183313456,2.1786876933541888,0.5273026886334674,-0.5023984557300955,1.3363449448791722,0.25889231298355275
8,-340,5.329374290945033,13.390179216595575,0.8266302277534693,0.1691989344918408,0.016147789548816682,-0.16610547831040057,0.06118285602750824
8,-374,5.999285600317702,20.94981677273368,0.3667064630462664,0.24157955489411967,-0.025890763239935426,0.9572276661128163,0.06708032632152512
8,-338,6.2319348687771186,14.075727230486969,2.9661461481265974,0.04147741700104752,-0.001329812989787931,0.10413192612635468,-0.014487448692653884
8,-318,5.326913207857318,6.259414014808589,0.7665518569301569,0.3898954884429121,0.10422497044577389,0.8727915019850471,0.1859346636031284
8,-314,5.509786905723539,5.843414591502526,0.32012056061279126,0.0330123721253692,-0.0011539525820344313,0.07901167460367878,0.003191474590938537
8,-358,5.675396679432061,7.0873716016203865,9.670329130025724,0.5469101496051257,1.1352210917587402,1.4547999722926426,0.541488826688607
8,-382,4.904363156814552,4.5175293076963445,1.9761310759052795,0.10616173448332497,0.03008054742886995,0.17160298296905777,-0.038204112433415184
8,-386,4.2210658803331675,2.213588031999742,0.4017494215197882,0.9125253328877845,0.5161086417424052,1.2564811793060704,-0.1972461236749238
8,-454,2.968916417710047,2.5285982857910905,1.9602811286831416,3.965619270228824,11.056701024380628,6.243295573777474,-0.008801894241152741
8,-412,4.520673879245613,3.185698958555084,3.5776790279966537,0.8156282591965878,1.0079087779850273,0.8759248295253133,0.9619538157067851
8,-478,3.171478600404864,2.284845725752495,1.4003013811748364,2.3136968395023696,4.008879953830801,3.450312342711618,1.1280720494439809
8,-588,2.9173158713761267,2.990155568820007,2.510746684772434,5.02557362071546,17.58803571625202,8.45703198973032,-3.0569060004026234
8,-310,5.158783515597216,4.44439424961515,0.9149560710771958,0.07892263419126895,0.018029678831323177,-0.0945681395787745,0.011167617152199048
8,-310,5.601531083676269,5.131019931620767,1.723131504983886,0.3730154079705689,-0.2919896662909204,0.8449121900121149,0.06461600345550543
8,-452,3.8720452894506407,3.906150374598943,0.7865418202300174,4.014366503569041,7.120506334675343,7.893593713991823,0.4259219640928458
8,-376,4.874592234998986,2.2814599658083727,2.7998567479209453,0.90398726242873,1.2732198495026268,0.9298377634631184,-0.668771330014446
8,-666,3.3553130339551336,4.150364376765187,7.030514444984473,7.5864340780918065,55.39475143983011,14.733540565998522,1.0730578909507882
8,-454,4.701039336777776,5.37894188097656,1.052775476267605,6.582206743603857,16.749695565399104,14.78601958868325,4.435661493977989
8,-638,2.647771427012758,2.5548909034580802,6.1666381787937885,4.407506632245288,22.799052023686944,6.651432384462264,2.8627409710081158
8,-360,5.384869637519418,5.907175244095982,6.070583574145242,0.8124297959994587,-0.6455437825473138,1.94043337237652,1.6847998053894513
8,-472,2.970087676113472,3.0688150960542764,2.3432137883821356,2.327194396068132,5.392488974120751,4.05323881824895,0.6739595913798643
8,-490,2.9842157508801668,0.9971262091245454,1.607550024778702,0.8233772003766912,0.903913683309778,0.7984781375307178,-0.2833518610120729
8,-324,5.9253961682701775,4.504826782930569,5.283336537508612,0.23053720424420746,-0.2515299193909082,0.4890323236099178,0.03829537049814757
8,-332,4.894607163202713,8.416883915412873,3.5614201316186493,0.7733990253948456,1.0906770705719608,1.366795679608571,0.6767247092349415
8,-376,5.8156244310423295,14.052114695863203,0.4474980897210429,0.1880144737540779,0.039798691035616895,0.6338859969149608,-0.0372857752823484
8,-340,4.989171725479104,10.128900081096257,1.1161749640803575,0.14767000166232946,0.009348681512256481,-0.06542553630636566,-0.059218739127112174
8,-408,6.79775704429372,28.1412510164368,7.181284638538009,0.7759196970996858,1.8052579352429368,0.26918533196171845,0.3094097327380623
8,-406,6.048021978816389,12.687913435063875,2.584528877532005,0.14318672824107598,0.05773096769932208,-0.32601243286339876,0.06522635832705737
8,-362,5.520289408,11.102011370227643,4.113387233426377,0.2192785477223042,0.16653064509742974,-0.31896193823150004,-0.1250496128200282
8,-358,5.593835251901606,8.22154044183003,1.3765048557766704,0.31471346262450034,-0.14428195612201739,0.7953112336293524,0.1486246231772063
8,-330,4.524350384532787,5.700526059015138,0.9047562011942305,0.31212054394892513,0.165221073439706,0.6902892274519123,-0.014577599168346389
8,-304,5.463556511089712,4.17619494529613,1.5759243087262356,0.17901209226335846,0.059267091494259,0.17206850037000723,0.07434852994916934
8,-294,5.146026301449307,3.9600534872284223,0.1578592200483635,0.15564220031293885,-0.013658722327537719,0.30957261818189497,0.02021445986039546
8,-504,2.7563788490178203,3.247444026145685,2.0909690778518075,3.358174157951359,8.770988341663568,6.017411351243271,1.5024570822507863
8,-364,6.299073934555054,5.896033264408345,0.8070597510726532,0.25824428778618563,-0.04679677957452012,0.6170989949955681,0.10821053218177809
8,-384,5.110554207150207,8.117793015557965,0.10348380252337883,0.020858232249836538,-0.0007294117419359359,-0.050910751180339955,-0.0006379995683591326
8,-520,8.022832268357217,25.958323582818377,11.524622625712267,0.6819720718378856,-1.1954673617709917,3.047317306620143,1.4920411778313798
8,-408,6.441050974854228,19.87048409450862,2.6631057295294838,0.3935336897793263,-0.10181744061558684,-1.5327618496748854,-0.3897936048161039
8,-390,6.847153874807541,3.996899151587607,14.28640162323975,0.4402288252548541,-1.1034233759409773,0.8778383087395286,0.03646044535841303
8,-424,7.410348398232912,8.346047082880343,3.732781966516886,0.5107492433782171,-0.34425584621536554,1.3268478850350867,0.6154922372587495
8,-494,3.3898191494310543,2.062692101879919,1.6477246932118723,4.0822694348189295,10.56981136652817,5.814210991872807,0.6123450667334432
9,-296,3.6572505891546845,4.976502146150919,11.203520334374113,0.6494437247500245,-0.5954677607165637,-1.437175398511937,1.6475109440076436
9,-366,3.7522132611193313,4.196428804175413,7.577000658033413,1.3334061492101859,-1.4945204562669316,-2.5361692282663366,3.9660621731085497
9,-406,3.6411623118249787,3.5312586474043464,6.0260845134742045,1.8453818689563741,1.5071251162643553,-1.6560131134777378,5.9664442615056315
9,-296,3.800701372986169,5.955704750904092,9.762533817912354,0.2621339074611316,0.27722068932150223,-0.4875202920849722,0.3146339973992892
9,-260,3.485470021264792,3.552598889936207,7.467356087661049,0.26218028890390443,0.26353735437128273,0.07318431959186658,-0.2551937777815735
9,-356,4.4029911399980435,7.303463761605679,19.984357390194454,0.6177756014030718,-1.1009913755867462,-1.638149242906751,1.87071382514325
9,-316,4.095610458693039,7.108755296874634,17.873597951673354,0.6264205539516475,-1.4151568197501765,-0.1055088082312271,-1.5462291605595677
9,-332,4.2283722461728,6.991922048364895,20.007163269983085,0.7158995969398877,-2.385625866417726,-1.6889265391517205,1.2843533395109556
9,-304,3.592195526995683,2.170523391888154,16.801707323069095,0.13871962546230215,0.07656668514598473,-0.18984496048772415,0.1974538607499076
9,-312,3.5822460176669018,4.396712392114928,12.231612757383527,0.8665815865370028,-0.8574112343777288,-1.739658805333203,2.6879040380252115
9,-336,4.05951178723127,5.523013299981221,13.266101071021737,0.5750934464255237,0.6976829201802948,-1.1236628748575486,1.4270523898708705
9,-394,3.0344097564650454,3.520463698831369,9.763943555639777,2.6101605271676434,12.34968356655323,4.7371518715159855,-4.5952338911357655
9,-424,4.544014873054608,5.70407439523003,23.88833665596898,1.5723350625315284,5.158664292539813,-2.5504414738845744,8.139200531835849
9,-420,3.0478927917480467,3.7633412958215935,8.825459018273623,2.5207522197736507,11.604009065645617,4.533346181107649,-2.5898605262838315
9,-326,4.286749850202594,5.773986729593715,12.362486728699206,0.7995587530407119,1.3392670849665937,0.6906815452551067,-2.127319728974528
9,-414,3.6734813937838724,6.480843563689508,6.572364424304092,2.3068402029203416,5.854404098534283,3.597555101166711,-6.812304390382197
9,-340,3.923333599073546,5.910727432724491,7.868151816723513,0.7078706291999031,-0.0035020078082506068,-1.522040554675987,1.6705760499518416
9,-376,4.475795789665587,6.655041244772807,15.796547752936988,1.4828576839982006,4.849790825598176,-2.24537859007952,5.290166189253436
9,-398,4.182845003910945,6.457614525066727,13.479148873033308,1.2245299485525374,-3.7356497554054617,-3.0478256245475164,3.285523470573754
9,-412,4.760702824631724,8.68604989425557,18.037276407637968,2.1661031927758225,-3.472188624581766,-5.881100077051318,13.086760090087195
9,-432,4.384281469862307,6.798920071457889,20.015783395309303,2.370047991456766,-14.26314315410805,-6.1711463525037225,7.939150058082393
9,-564,4.528302260475257,4.94934136788972,7.388477281447705,1.3294405536939509,3.712413547426412,-1.995112587751133,1.8916830843408188
9,-280,3.673000758280283,6.5902073237985945,7.59805450304622,0.4451944495158814,-0.22379651544870482,-1.1272956997915635,0.7876181326432915
9,-476,3.885853303509588,4.224826204806691,6.659376402295799,0.9460932888424622,1.5435698623902177,-0.8857603435802684,1.8046676064874956
9,-350,3.2969866502257403,2.3187208836781803,2.3568043221239408,1.9858056136439832,4.123683042162671,1.732642271843103,-1.204605501127787
9,-392,5.212208084147258,11.15064244229707,17.468407460355085,3.1824479009689037,6.619527180440782,-5.626045998963437,22.78638257262034
9,-350,4.256956600280087,8.448519871156966,18.324695715904266,0.7065742606693062,-2.54129042497958,-1.485640103264334,-0.07729737272603365
9,-392,4.1012520287970124,4.532944041858771,9.839572429952884,1.8368806561935829,1.951615989350472,-2.4816734403946525,7.561457285551221
9,-326,4.137524544,8.147592629633191,9.466130324420368,0.08931330167943999,-0.08208130547855069,-0.1434530811762368,0.0025906226169221808
9,-318,3.595710807385358,4.5200310913241735,8.32879693907679,0.13619541096246132,0.1373354198639514,-0.1907925078443527,0.046692005172648154
9,-392,4.671907568693961,5.485864940863906,25.388420845968614,0.41981315433547517,0.8123210019912518,0.15066936208360565,-1.1039033722597644
9,-324,4.31440745821267,9.125970761269063,11.834150435842881,0.4514459121976762,-0.3828603922146047,-1.3636305750188389,0.9706870422505495
9,-388,4.7598366478613965,8.460072167944794,17.927628587939168,1.633913752246799,8.233335145849187,-1.6555777076691904,3.226889920089265
9,-310,3.9807028704026366,6.758590969043176,10.007435386141713,0.5379955633069247,0.8517220785046586,-0.9728258457262593,0.9126321889176272
9,-280,3.5246778005178294,4.7822080915172185,7.666408589207822,0.05968813585890911,0.02114803991155284,0.017325298597078778,-0.03439501653185621
9,-310,4.072663474067107,8.920869774048803,11.000023647317823,0.5192358416343501,-1.235863630714952,-1.0071817091521293,-0.1119092229462933
9,-306,4.022522874696097,3.6724310819153274,11.177927787586304,0.891904828589114,-0.7139632155991392,1.1182580161365354,-2.724161106406119
9,-372,4.287464942013643,7.151202172510432,19.3080210360135,0.5932460219185807,-1.9266241362102612,-1.2382138110683119,0.5651486282941772
9,-346,4.111968989652974,4.893207965846541,15.76608812592097,0.6495683003226854,1.8177009622217717,-0.8178381529876224,1.0085157480721625
9,-398,3.9062898091160143,4.085276328644293,17.395771256257685,1.7941327367560966,-8.589506619116316,-3.5723113466874357,5.165623575677772
9,-410,5.403055016453989,16.920075670942634,30.701414824310195,2.0043607012577116,-1.1329959030429801,2.7451168441779608,-15.682400985150624
9,-366,4.286281246505462,6.703739193963642,15.880553074498703,1.6080172045768237,-1.2231043843936085,-3.8202253211713764,8.033272574094585
9,-394,4.235041104841706,6.8880715431373005,9.997720275379235,0.9957455984136442,-0.5151198401116763,-2.5275814396128253,3.0992436140182464
9,-340,3.893517219441275,5.18527433458602,8.6266953501733,0.9782446017201021,1.4416767482451744,-1.5518836966540286,2.44895734412293
9,-324,4.222879629979005,9.105716435736568,15.919902145157032,0.8349701730125147,-2.4086970506909124,-2.489308449443251,1.8615799035783174
9,-446,5.136887147259891,10.746554625813639,10.80843829266738,2.9239512824759695,8.201701335919164,-3.8005824978883145,14.245161608029694
9,-496,5.249713035527185,6.847667493445895,28.600078183209476,1.383320291430724,1.85184175862603,-3.518295895623425,8.501622316740178
9,-456,5.162315607908051,11.233402831291434,26.504664418317404,2.0825170258624155,-15.215563979680175,-4.4410488277883164,-2.8047609718021227
9,-420,4.7081650144232485,8.06855896169425,10.216616738384172,1.514682624090512,-1.1351858418764773,-4.166122892855191,5.84935241434224
9,-316,4.09854419558218,8.365896835931665,11.077893523994948,0.5561195881266513,-0.61041357229955,-1.6083158995932925,1.2380178657023602
